{
  "sdkPath": "/home/project/codasip_urisc_v/work/ia/sdk",
  "iaOrCa": "ia",
  "compileConfigOptions": {
    "compilerOptimization": "3",
    "debugLevel": "1",
    "noStdLib": false,
    "nostartfiles": false,
    "nodefaultlibs": false,
    "nosymbolinfo": false,
    "nosharedlibraries": false,
    "extraFlagsAsm": "",
    "extraFlags": "",
    "extraLinkerFlags": "-lnxssys -lm -lcomp -WI,--defsym,_HEAP_SIZE=0x400000,--defsym,_STACK_SIZE=0x400000",
    "includePaths": false,
    "flags": [],
    "libraries": [],
    "assemblyFlags": []
  },
  "debugConfigOptions": {
    "stopAtStartup": false,
    "showDevDebugOutput": false,
    "simulatorArguments": "--logging 13",
    "debuggerRadio": {
      "1": false,
      "2": false,
      "3": false
    },
    "debuggerInput": {
      "1": "",
      "2": "",
      "3": ""
    }
  }
}